relhead,commun,hhnum,surveyyr,age,sex,currently_migrated
1,10,23,1990,52,1,1
2,10,23,1990,48,2,0
3,10,23,1990,29,1,0
3,10,23,1990,25,1,0
3,10,23,1990,24,2,0
3,10,23,1990,24,2,1
3,10,23,1990,11,1,1
3,10,23,1990,18,1,1
3,10,23,1990,17,2,1
3,10,23,1990,14,2,1
3,10,23,1990,4,2,0
1,10,38,1990,77,1,1
2,10,38,1990,77,2,1
3,10,38,1990,57,2,0
3,10,38,1990,55,1,1
3,10,38,1990,53,1,1
3,10,38,1990,51,2,1
3,10,38,1990,49,1,1
3,10,38,1990,46,1,1
3,10,38,1990,44,1,1
3,10,38,1990,40,2,1
3,10,38,1990,38,2,1
1,10,97,1990,53,1,1
2,10,97,1990,52,2,1
3,10,97,1990,34,2,1
3,10,97,1990,32,1,1
3,10,97,1990,30,1,1
3,10,97,1990,19,1,1
3,10,97,1990,14,1,0
3,10,97,1990,9,1,0
1,10,101,1990,36,1,1
2,10,101,1990,33,2,1
3,10,101,1990,14,1,0
1,10,103,1990,61,1,1
2,10,103,1990,58,2,0
3,10,103,1990,29,2,0
3,10,103,1990,25,1,1
3,10,103,1990,24,2,0
3,10,103,1990,23,1,1
3,10,103,1990,21,2,0
3,10,103,1990,19,2,0
3,10,103,1990,17,2,0
1,10,119,1990,72,1,1
2,10,119,1990,70,2,0
3,10,119,1990,47,2,0
3,10,119,1990,45,2,1
3,10,119,1990,43,1,1
3,10,119,1990,41,2,0
1,10,122,1990,77,1,1
2,10,122,1990,77,2,0
3,10,122,1990,50,2,1
3,10,122,1990,47,2,1
3,10,122,1990,44,2,0
3,10,122,1990,38,1,1
3,10,122,1990,42,2,0
3,10,122,1990,36,1,1
3,10,122,1990,33,2,1
1,10,130,1990,58,1,1
2,10,130,1990,55,2,1
3,10,130,1990,37,2,0
3,10,130,1990,36,1,1
3,10,130,1990,34,2,1
3,10,130,1990,30,1,1
3,10,130,1990,28,1,1
3,10,130,1990,26,1,1
3,10,130,1990,24,2,1
3,10,130,1990,22,1,1
3,10,130,1990,20,1,1
3,10,130,1990,18,1,1
3,10,130,1990,17,2,1
1,10,140,1990,53,1,1
2,10,140,1990,50,2,0
3,10,140,1990,31,1,1
3,10,140,1990,28,1,1
3,10,140,1990,26,1,0
3,10,140,1990,23,1,1
3,10,140,1990,22,1,1
3,10,140,1990,20,2,1
3,10,140,1990,18,1,1
3,10,140,1990,14,2,0
1,20,5,1982,45,1,0
2,20,5,1982,45,2,0
3,20,5,1982,26,1,1
3,20,5,1982,24,1,1
3,20,5,1982,23,2,0
3,20,5,1982,21,2,0
3,20,5,1982,19,1,0
3,20,5,1982,16,1,0
3,20,5,1982,15,1,0
3,20,5,1982,13,1,0
3,20,5,1982,12,2,0
3,20,5,1982,11,2,0
3,20,5,1982,10,2,0
3,20,5,1982,6,2,0
3,20,5,1982,4,1,0
3,20,5,1982,1,1,0
1,20,16,1982,68,1,0
2,20,16,1982,68,2,0
3,20,16,1982,43,1,0
3,20,16,1982,36,2,0
3,20,16,1982,29,2,0
1,20,18,1982,52,1,1
2,20,18,1982,38,2,0
3,20,18,1982,19,2,0
3,20,18,1982,18,1,0
3,20,18,1982,17,1,0
3,20,18,1982,14,1,0
3,20,18,1982,12,2,0
3,20,18,1982,8,2,0
1,20,22,1982,44,2,0
3,20,22,1982,28,1,0
1,20,26,1982,41,1,1
2,20,26,1982,33,2,0
3,20,26,1982,16,2,0
3,20,26,1982,13,2,0
3,20,26,1982,12,2,0
3,20,26,1982,10,2,0
3,20,26,1982,9,1,0
1,20,27,1982,47,1,1
2,20,27,1982,45,2,0
3,20,27,1982,24,1,1
3,20,27,1982,22,1,0
3,20,27,1982,20,1,0
3,20,27,1982,18,2,0
3,20,27,1982,16,1,0
3,20,27,1982,13,1,0
3,20,27,1982,12,2,0
3,20,27,1982,11,1,0
3,20,27,1982,10,1,0
1,20,46,1982,61,1,1
2,20,46,1982,56,2,0
3,20,46,1982,38,2,1
3,20,46,1982,35,1,1
3,20,46,1982,32,2,0
3,20,46,1982,30,1,1
3,20,46,1982,27,1,1
3,20,46,1982,17,2,0
1,20,63,1982,64,1,1
2,20,63,1982,57,2,0
3,20,63,1982,36,2,0
3,20,63,1982,35,1,1
3,20,63,1982,31,2,0
3,20,63,1982,29,2,0
3,20,63,1982,27,1,1
3,20,63,1982,25,1,1
3,20,63,1982,23,1,0
3,20,63,1982,21,2,0
3,20,63,1982,19,1,1
3,20,63,1982,17,1,1
3,20,63,1982,13,1,0
1,20,76,1982,32,1,0
2,20,76,1982,28,2,0
1,20,77,1982,49,1,1
2,20,77,1982,41,2,0
3,20,77,1982,12,1,0
3,20,77,1982,8,2,0
1,20,79,1982,61,1,1
2,20,79,1982,66,2,0
3,20,79,1982,34,1,0
1,20,81,1982,45,1,0
2,20,81,1982,39,2,0
3,20,81,1982,18,2,0
3,20,81,1982,16,2,0
3,20,81,1982,15,1,0
3,20,81,1982,14,2,0
3,20,81,1982,13,2,0
3,20,81,1982,11,2,0
3,20,81,1982,10,1,0
3,20,81,1982,8,1,0
3,20,81,1982,7,1,0
3,20,81,1982,4,1,0
3,20,81,1982,3,1,0
3,20,81,1982,1,1,0
1,20,88,1982,54,1,1
2,20,88,1982,51,2,0
3,20,88,1982,27,2,0
3,20,88,1982,24,1,1
3,20,88,1982,23,1,1
3,20,88,1982,21,2,0
3,20,88,1982,18,1,1
3,20,88,1982,15,2,0
3,20,88,1982,13,2,0
3,20,88,1982,10,2,0
1,20,106,1982,61,2,0
3,20,106,1982,41,2,0
3,20,106,1982,38,2,0
3,20,106,1982,36,1,1
3,20,106,1982,34,2,0
3,20,106,1982,32,1,0
3,20,106,1982,29,1,1
3,20,106,1982,27,1,1
3,20,106,1982,25,1,0
1,21,6,1982,77,1,0
2,21,6,1982,68,2,0
3,21,6,1982,42,2,0
3,21,6,1982,41,2,0
3,21,6,1982,40,2,0
3,21,6,1982,34,2,0
3,21,6,1982,32,2,0
1,21,7,1982,42,1,0
2,21,7,1982,41,2,0
3,21,7,1982,21,2,0
3,21,7,1982,19,1,1
3,21,7,1982,17,1,0
3,21,7,1982,15,1,0
3,21,7,1982,13,1,0
3,21,7,1982,11,2,0
3,21,7,1982,9,1,0
3,21,7,1982,7,1,0
1,21,17,1982,21,1,0
2,21,17,1982,21,2,0
1,21,21,1982,55,1,0
2,21,21,1982,61,2,0
3,21,21,1982,28,1,0
1,21,23,1982,55,1,0
3,21,23,1982,27,1,0
3,21,23,1982,25,1,0
3,21,23,1982,23,1,0
3,21,23,1982,21,2,0
3,21,23,1982,18,2,0
3,21,23,1982,16,1,0
1,21,24,1982,77,2,0
3,21,24,1982,59,2,0
3,21,24,1982,57,1,0
3,21,24,1982,55,1,0
3,21,24,1982,53,1,0
3,21,24,1982,51,1,0
3,21,24,1982,47,1,0
3,21,24,1982,45,1,0
3,21,24,1982,43,1,0
1,21,29,1982,55,1,0
2,21,29,1982,50,2,0
1,21,37,1982,77,1,0
2,21,37,1982,77,2,0
3,21,37,1982,49,1,1
3,21,37,1982,47,2,0
3,21,37,1982,42,2,0
3,21,37,1982,39,1,0
1,21,39,1982,56,1,1
2,21,39,1982,49,2,0
3,21,39,1982,21,2,0
3,21,39,1982,20,2,0
3,21,39,1982,18,1,0
3,21,39,1982,14,1,0
1,21,41,1982,57,1,1
2,21,41,1982,56,2,0
3,21,41,1982,37,2,0
3,21,41,1982,28,1,0
3,21,41,1982,26,2,0
3,21,41,1982,25,2,0
1,21,42,1982,44,1,0
2,21,42,1982,40,2,0
3,21,42,1982,23,2,0
3,21,42,1982,21,1,0
3,21,42,1982,19,2,0
3,21,42,1982,17,1,1
3,21,42,1982,15,1,0
3,21,42,1982,13,1,0
3,21,42,1982,11,1,0
3,21,42,1982,8,2,0
3,21,42,1982,4,2,0
3,21,42,1982,3,1,0
3,21,42,1982,1,1,0
1,21,46,1982,70,1,0
1,21,47,1982,36,1,0
2,21,47,1982,35,2,0
3,21,47,1982,17,2,0
3,21,47,1982,14,2,0
3,21,47,1982,11,1,0
3,21,47,1982,8,1,0
3,21,47,1982,4,1,0
3,21,47,1982,3,1,0
3,21,47,1982,1,1,0
1,21,68,1982,40,1,1
2,21,68,1982,21,2,0
3,21,68,1982,2,1,0
3,21,68,1982,1,1,0
3,21,68,1982,1,2,0
3,21,68,1982,1,1,0
1,21,74,1982,58,1,0
2,21,74,1982,53,2,0
3,21,74,1982,28,2,0
3,21,74,1982,26,2,0
3,21,74,1982,24,2,0
3,21,74,1982,23,2,0
3,21,74,1982,21,2,0
3,21,74,1982,13,2,0
3,21,74,1982,11,2,0
1,21,85,1982,65,1,0
2,21,85,1982,61,2,0
3,21,85,1982,42,1,0
3,21,85,1982,38,2,0
3,21,85,1982,36,2,0
3,21,85,1982,34,1,0
3,21,85,1982,29,2,0
3,21,85,1982,27,1,1
3,21,85,1982,24,1,1
3,21,85,1982,22,2,0
3,21,85,1982,18,2,0
3,21,85,1982,15,1,0
3,21,85,1982,12,2,0
1,21,89,1982,60,1,0
2,21,89,1982,63,2,0
3,21,89,1982,41,1,0
3,21,89,1982,37,1,0
3,21,89,1982,35,2,0
3,21,89,1982,33,1,0
3,21,89,1982,31,2,0
3,21,89,1982,29,2,0
1,21,91,1982,37,1,1
2,21,91,1982,35,2,0
3,21,91,1982,15,2,0
3,21,91,1982,13,1,0
3,21,91,1982,10,2,0
3,21,91,1982,8,2,0
3,21,91,1982,7,2,0
3,21,91,1982,4,1,0
3,21,91,1982,3,1,0
3,21,91,1982,1,1,0
1,25,8,1992,57,1,0
2,25,8,1992,50,2,0
3,25,8,1992,31,2,0
3,25,8,1992,26,2,1
3,25,8,1992,21,1,1
3,25,8,1992,18,1,0
3,25,8,1992,16,1,0
3,25,8,1992,15,2,0
3,25,8,1992,9,2,0
3,25,8,1992,19,2,0
1,25,11,1992,32,1,0
2,25,11,1992,31,2,0
3,25,11,1992,12,1,0
3,25,11,1992,7,2,0
3,25,11,1992,3,2,0
1,49,1,1996,42,1,0
2,49,1,1996,39,2,0
3,49,1,1996,20,1,0
3,49,1,1996,18,2,0
3,49,1,1996,16,2,0
3,49,1,1996,14,1,0
3,49,1,1996,10,1,0
3,49,1,1996,8,1,0
1,49,9,1996,70,1,0
2,49,9,1996,68,2,0
3,49,9,1996,36,1,0
3,49,9,1996,34,1,0
3,49,9,1996,32,1,0
3,49,9,1996,30,1,0
1,49,13,1996,50,1,0
2,49,13,1996,48,2,0
3,49,13,1996,28,2,0
3,49,13,1996,27,1,0
3,49,13,1996,26,1,0
3,49,13,1996,23,1,0
3,49,13,1996,15,1,0
3,49,13,1996,4,2,0
1,49,16,1996,37,1,0
2,49,16,1996,34,2,0
3,49,16,1996,13,2,0
3,49,16,1996,11,2,0
3,49,16,1996,8,2,0
3,49,16,1996,6,2,0
3,49,16,1996,3,2,0
3,49,16,1996,2,2,0
1,49,17,1996,47,1,0
2,49,17,1996,35,2,0
3,49,17,1996,17,2,0
3,49,17,1996,16,1,0
3,49,17,1996,14,2,0
3,49,17,1996,12,2,0
3,49,17,1996,5,1,0
3,49,17,1996,2,2,0
1,49,18,1996,36,1,0
2,49,18,1996,29,2,0
3,49,18,1996,10,2,0
3,49,18,1996,8,1,0
3,49,18,1996,6,2,0
1,49,19,1996,59,1,0
2,49,19,1996,57,2,0
3,49,19,1996,38,2,0
3,49,19,1996,36,1,0
3,49,19,1996,34,2,0
3,49,19,1996,32,1,0
3,49,19,1996,29,1,0
3,49,19,1996,27,1,0
3,49,19,1996,25,1,0
3,49,19,1996,23,2,0
3,49,19,1996,19,1,0
3,49,19,1996,18,1,0
1,49,20,1996,33,1,0
2,49,20,1996,26,2,0
3,49,20,1996,8,2,0
3,49,20,1996,7,1,0
3,49,20,1996,5,2,0
1,49,22,1996,37,1,0
2,49,22,1996,36,2,0
3,49,22,1996,15,1,0
3,49,22,1996,15,2,0
3,49,22,1996,13,2,0
3,49,22,1996,11,1,0
3,49,22,1996,9,1,0
3,49,22,1996,6,2,0
3,49,22,1996,4,2,0
3,49,22,1996,1,2,0
1,49,23,1996,35,1,0
2,49,23,1996,34,2,0
3,49,23,1996,17,2,0
3,49,23,1996,14,2,0
3,49,23,1996,9,1,0
3,49,23,1996,6,2,0
3,49,23,1996,3,1,0
3,49,23,1996,1,1,0
1,49,30,1996,43,1,0
2,49,30,1996,38,2,0
3,49,30,1996,20,2,0
3,49,30,1996,18,2,0
3,49,30,1996,15,1,0
3,49,30,1996,12,2,0
3,49,30,1996,10,2,0
3,49,30,1996,8,2,0
3,49,30,1996,5,1,0
3,49,30,1996,4,1,0
1,49,31,1996,51,1,0
2,49,31,1996,48,2,0
3,49,31,1996,29,2,0
3,49,31,1996,25,2,0
3,49,31,1996,22,2,0
3,49,31,1996,20,2,0
3,49,31,1996,12,2,0
3,49,31,1996,10,1,0
3,49,31,1996,8,1,0
1,49,32,1996,38,1,0
2,49,32,1996,38,2,0
3,49,32,1996,14,2,0
3,49,32,1996,12,2,0
3,49,32,1996,7,2,0
3,49,32,1996,6,2,0
3,49,32,1996,2,1,0
3,49,32,1996,0,1,0
1,49,33,1996,69,1,0
2,49,33,1996,67,2,0
3,49,33,1996,40,1,0
3,49,33,1996,34,1,0
3,49,33,1996,32,2,0
3,49,33,1996,30,2,0
3,49,33,1996,28,2,0
3,49,33,1996,21,1,0
1,49,34,1996,59,1,0
2,49,34,1996,57,2,0
3,49,34,1996,36,2,0
3,49,34,1996,32,2,0
3,49,34,1996,29,1,0
3,49,34,1996,26,1,0
3,49,34,1996,20,2,0
3,49,34,1996,13,1,0
1,49,39,1996,52,1,0
2,49,39,1996,49,2,0
3,49,39,1996,27,1,0
3,49,39,1996,25,2,0
1,49,40,1996,53,1,0
2,49,40,1996,37,2,0
3,49,40,1996,24,2,0
3,49,40,1996,22,2,0
3,49,40,1996,19,2,0
3,49,40,1996,13,1,0
3,49,40,1996,11,2,0
3,49,40,1996,9,2,0
3,49,40,1996,7,1,0
3,49,40,1996,4,1,0
1,49,41,1996,39,1,0
2,49,41,1996,36,2,0
3,49,41,1996,7,1,0
3,49,41,1996,5,2,0
3,49,41,1996,3,1,0
1,49,42,1996,45,1,0
2,49,42,1996,44,2,0
3,49,42,1996,20,1,0
3,49,42,1996,18,1,0
3,49,42,1996,15,2,0
3,49,42,1996,14,1,0
3,49,42,1996,13,1,0
3,49,42,1996,12,2,0
1,49,46,1996,50,1,0
2,49,46,1996,46,2,0
3,49,46,1996,13,2,0
3,49,46,1996,7,2,0
3,49,46,1996,4,1,0
3,49,46,1996,1,2,0
1,49,47,1996,32,1,0
2,49,47,1996,30,2,0
3,49,47,1996,11,1,0
3,49,47,1996,10,2,0
3,49,47,1996,7,2,0
3,49,47,1996,5,1,0
1,49,48,1996,34,1,0
2,49,48,1996,35,2,0
3,49,48,1996,10,2,0
3,49,48,1996,8,2,0
3,49,48,1996,7,1,0
3,49,48,1996,5,1,0
1,49,49,1996,24,1,0
2,49,49,1996,20,2,0
3,49,49,1996,2,1,0
3,49,49,1996,1,2,0
1,49,50,1996,24,1,0
2,49,50,1996,24,2,0
3,49,50,1996,0,1,0
1,49,52,1996,44,1,0
2,49,52,1996,44,2,0
3,49,52,1996,26,2,0
3,49,52,1996,19,1,0
3,49,52,1996,17,1,0
3,49,52,1996,14,1,0
3,49,52,1996,11,2,0
3,49,52,1996,6,1,0
3,49,52,1996,3,2,0
1,49,53,1996,48,1,0
2,49,53,1996,41,2,0
3,49,53,1996,22,1,0
3,49,53,1996,19,2,0
3,49,53,1996,17,1,0
3,49,53,1996,15,1,0
3,49,53,1996,10,1,0
1,49,54,1996,43,1,0
2,49,54,1996,40,2,0
3,49,54,1996,19,2,0
3,49,54,1996,17,1,0
3,49,54,1996,16,1,0
3,49,54,1996,14,1,0
3,49,54,1996,10,1,0
3,49,54,1996,7,2,0
1,49,55,1996,37,1,0
2,49,55,1996,37,2,0
3,49,55,1996,15,1,0
3,49,55,1996,13,2,0
3,49,55,1996,9,1,0
3,49,55,1996,7,2,0
3,49,55,1996,5,2,0
3,49,55,1996,3,1,0
1,49,56,1996,41,1,0
2,49,56,1996,40,2,0
3,49,56,1996,18,1,0
3,49,56,1996,14,1,0
3,49,56,1996,11,1,0
3,49,56,1996,7,1,0
3,49,56,1996,5,2,0
3,49,56,1996,3,1,0
1,49,57,1996,43,1,0
2,49,57,1996,42,2,0
3,49,57,1996,22,2,0
3,49,57,1996,20,1,0
3,49,57,1996,16,2,0
3,49,57,1996,11,1,0
3,49,57,1996,9,2,0
3,49,57,1996,6,1,0
3,49,57,1996,3,2,0
1,49,58,1996,30,1,0
2,49,58,1996,28,2,0
3,49,58,1996,5,1,0
3,49,58,1996,4,1,0
3,49,58,1996,2,1,0
3,49,58,1996,0,2,0
1,49,59,1996,41,1,0
2,49,59,1996,35,2,0
3,49,59,1996,17,1,0
3,49,59,1996,16,2,0
3,49,59,1996,12,2,0
3,49,59,1996,10,1,0
1,49,60,1996,27,1,1
2,49,60,1996,26,2,0
3,49,60,1996,10,2,0
3,49,60,1996,9,1,0
3,49,60,1996,5,1,0
3,49,60,1996,3,1,0
3,49,60,1996,0,1,0
1,49,61,1996,25,1,0
2,49,61,1996,23,2,0
3,49,61,1996,5,1,0
3,49,61,1996,3,1,0
3,49,61,1996,1,1,0
1,49,62,1996,48,1,0
2,49,62,1996,38,2,0
3,49,62,1996,22,2,0
3,49,62,1996,17,2,0
3,49,62,1996,15,1,0
3,49,62,1996,9,2,0
1,49,63,1996,49,1,0
2,49,63,1996,44,2,0
3,49,63,1996,18,1,0
3,49,63,1996,16,1,0
3,49,63,1996,15,2,0
3,49,63,1996,13,2,0
3,49,63,1996,10,2,0
3,49,63,1996,4,2,0
1,49,64,1996,49,1,0
2,49,64,1996,50,2,0
3,49,64,1996,33,1,0
3,49,64,1996,31,2,0
3,49,64,1996,28,2,0
3,49,64,1996,26,2,0
3,49,64,1996,25,2,0
3,49,64,1996,21,2,0
1,49,65,1996,60,1,0
2,49,65,1996,50,2,0
3,49,65,1996,20,1,0
1,49,67,1996,34,1,0
2,49,67,1996,32,2,0
3,49,67,1996,15,1,0
3,49,67,1996,13,1,0
3,49,67,1996,11,2,0
3,49,67,1996,6,1,0
1,49,68,1996,40,1,0
2,49,68,1996,37,2,0
3,49,68,1996,13,1,0
3,49,68,1996,10,2,0
3,49,68,1996,9,1,0
3,49,68,1996,7,1,0
3,49,68,1996,5,1,0
1,49,69,1996,60,1,0
2,49,69,1996,50,2,0
3,49,69,1996,25,1,0
3,49,69,1996,22,2,0
3,49,69,1996,20,1,0
3,49,69,1996,18,2,0
1,49,70,1996,64,1,0
2,49,70,1996,45,2,0
3,49,70,1996,47,2,0
3,49,70,1996,46,1,0
3,49,70,1996,23,2,0
3,49,70,1996,21,1,0
3,49,70,1996,19,2,0
1,49,74,1996,37,2,0
3,49,74,1996,12,1,0
1,49,75,1996,37,1,0
2,49,75,1996,36,2,0
3,49,75,1996,15,1,0
3,49,75,1996,13,1,0
3,49,75,1996,10,1,0
3,49,75,1996,8,2,0
3,49,75,1996,5,1,0
1,49,78,1996,32,1,0
2,49,78,1996,30,2,0
3,49,78,1996,10,1,0
3,49,78,1996,5,1,0
3,49,78,1996,2,1,0
1,49,79,1996,34,1,0
2,49,79,1996,33,2,0
3,49,79,1996,15,1,0
3,49,79,1996,13,1,0
3,49,79,1996,6,1,0
3,49,79,1996,4,2,0
1,49,80,1996,40,1,0
2,49,80,1996,36,2,0
3,49,80,1996,14,1,0
3,49,80,1996,13,1,0
3,49,80,1996,11,1,0
3,49,80,1996,0,2,0
1,49,82,1996,56,1,0
2,49,82,1996,54,2,0
1,49,84,1996,45,1,0
2,49,84,1996,44,2,0
3,49,84,1996,19,1,0
3,49,84,1996,17,2,0
3,49,84,1996,13,1,0
3,49,84,1996,12,1,0
3,49,84,1996,8,2,0
1,49,85,1996,34,1,0
2,49,85,1996,33,2,0
3,49,85,1996,13,2,0
3,49,85,1996,11,2,0
3,49,85,1996,8,1,0
1,49,86,1996,37,1,0
2,49,86,1996,33,2,0
3,49,86,1996,15,2,0
3,49,86,1996,14,2,0
3,49,86,1996,11,1,0
3,49,86,1996,9,2,0
3,49,86,1996,8,2,0
3,49,86,1996,7,2,0
1,49,88,1996,52,1,0
2,49,88,1996,51,2,0
3,49,88,1996,31,2,0
3,49,88,1996,28,1,0
3,49,88,1996,26,1,0
3,49,88,1996,24,1,0
3,49,88,1996,21,2,0
3,49,88,1996,9,1,0
3,49,88,1996,6,2,0
3,49,88,1996,4,1,0
1,49,89,1996,41,1,0
2,49,89,1996,35,2,0
3,49,89,1996,15,1,0
3,49,89,1996,13,1,0
3,49,89,1996,12,1,0
3,49,89,1996,8,2,0
3,49,89,1996,4,2,0
1,49,90,1996,41,1,0
2,49,90,1996,36,2,0
3,49,90,1996,16,2,0
3,49,90,1996,15,1,0
3,49,90,1996,11,2,0
3,49,90,1996,6,1,0
1,49,92,1996,47,1,0
2,49,92,1996,48,2,0
3,49,92,1996,29,1,0
3,49,92,1996,27,2,0
3,49,92,1996,25,2,0
3,49,92,1996,23,2,0
3,49,92,1996,12,1,0
3,49,92,1996,9,1,0
3,49,92,1996,8,2,0
1,49,93,1996,32,1,0
3,49,93,1996,12,1,0
3,49,93,1996,10,2,0
3,49,93,1996,7,1,0
3,49,93,1996,6,2,0
3,49,93,1996,4,1,0
1,49,94,1996,47,1,0
3,49,94,1996,30,1,1
3,49,94,1996,28,1,0
3,49,94,1996,26,2,0
3,49,94,1996,24,2,0
3,49,94,1996,22,2,0
1,49,95,1996,49,1,0
2,49,95,1996,47,2,0
3,49,95,1996,25,2,0
3,49,95,1996,23,2,0
3,49,95,1996,21,2,0
3,49,95,1996,20,2,0
3,49,95,1996,15,1,0
3,49,95,1996,11,1,0
1,49,96,1996,42,1,0
2,49,96,1996,42,2,0
3,49,96,1996,24,2,0
3,49,96,1996,18,1,0
3,49,96,1996,15,2,0
3,49,96,1996,10,1,0
3,49,96,1996,9,1,0
3,49,96,1996,7,2,0
3,49,96,1996,4,1,0
1,49,98,1996,34,1,0
2,49,98,1996,35,2,0
3,49,98,1996,8,1,0
1,49,99,1996,29,1,0
2,49,99,1996,29,2,0
3,49,99,1996,5,2,0
3,49,99,1996,3,2,0
1,49,100,1996,34,1,0
2,49,100,1996,34,2,0
3,49,100,1996,15,2,0
3,49,100,1996,13,2,0
3,49,100,1996,10,1,0
1,50,3,1996,46,1,0
2,50,3,1996,42,2,0
3,50,3,1996,19,1,1
3,50,3,1996,15,2,0
1,50,7,1996,64,1,0
2,50,7,1996,57,2,0
3,50,7,1996,39,1,0
3,50,7,1996,35,1,1
3,50,7,1996,30,1,1
3,50,7,1996,25,2,1
1,50,10,1996,67,1,0
2,50,10,1996,65,2,0
3,50,10,1996,44,2,0
3,50,10,1996,41,2,0
3,50,10,1996,36,1,0
3,50,10,1996,31,2,0
3,50,10,1996,28,2,0
3,50,10,1996,23,2,1
1,50,11,1996,64,1,0
2,50,11,1996,58,2,0
3,50,11,1996,41,2,0
3,50,11,1996,40,1,1
3,50,11,1996,38,2,0
3,50,11,1996,35,2,0
3,50,11,1996,25,1,1
1,50,14,1996,41,1,0
2,50,14,1996,40,2,0
3,50,14,1996,12,1,0
3,50,14,1996,11,1,0
1,50,15,1996,54,1,0
2,50,15,1996,53,2,0
3,50,15,1996,32,1,1
3,50,15,1996,30,2,1
3,50,15,1996,28,2,1
3,50,15,1996,25,2,1
3,50,15,1996,23,2,1
3,50,15,1996,21,1,1
3,50,15,1996,16,1,0
3,50,15,1996,10,2,0
1,50,16,1996,70,1,0
2,50,16,1996,59,2,0
3,50,16,1996,28,2,1
3,50,16,1996,26,1,1
3,50,16,1996,23,1,1
3,50,16,1996,19,1,1
3,50,16,1996,15,2,0
3,50,16,1996,37,1,1
1,50,20,1996,45,1,1
2,50,20,1996,34,2,0
3,50,20,1996,16,2,0
3,50,20,1996,15,1,0
3,50,20,1996,10,2,0
3,50,20,1996,9,1,0
1,50,21,1996,28,1,1
2,50,21,1996,24,2,0
3,50,21,1996,9,1,0
3,50,21,1996,7,1,0
3,50,21,1996,3,1,0
1,50,23,1996,24,1,1
2,50,23,1996,23,2,1
3,50,23,1996,3,2,1
1,50,28,1996,22,1,0
2,50,28,1996,19,2,0
1,50,42,1996,53,1,0
2,50,42,1996,50,2,0
3,50,42,1996,30,2,1
3,50,42,1996,29,1,0
3,50,42,1996,25,2,0
3,50,42,1996,19,2,0
3,50,42,1996,17,2,0
3,50,42,1996,15,2,0
3,50,42,1996,9,1,0
1,50,43,1996,23,1,1
2,50,43,1996,23,2,0
1,50,44,1996,43,1,1
2,50,44,1996,42,2,0
3,50,44,1996,21,1,0
3,50,44,1996,18,2,0
3,50,44,1996,16,2,1
3,50,44,1996,9,1,0
3,50,44,1996,6,1,0
3,50,44,1996,4,2,0
3,50,44,1996,3,2,0
3,50,44,1996,1,1,0
1,50,46,1996,53,1,1
2,50,46,1996,43,2,0
3,50,46,1996,25,2,1
3,50,46,1996,23,1,1
3,50,46,1996,21,1,0
3,50,46,1996,18,2,0
3,50,46,1996,14,2,0
3,50,46,1996,9,2,0
1,50,48,1996,66,1,0
2,50,48,1996,66,2,0
3,50,48,1996,46,2,0
3,50,48,1996,44,1,1
3,50,48,1996,42,1,1
3,50,48,1996,40,1,1
3,50,48,1996,38,1,1
3,50,48,1996,36,1,1
3,50,48,1996,34,2,1
3,50,48,1996,32,2,1
3,50,48,1996,30,1,1
3,50,48,1996,28,2,1
1,50,56,1996,38,1,1
2,50,56,1996,34,2,1
3,50,56,1996,9,1,0
3,50,56,1996,1,1,0
3,50,56,1996,0,1,0
1,50,57,1996,36,1,0
2,50,57,1996,36,2,0
3,50,57,1996,12,1,0
3,50,57,1996,5,2,0
1,50,58,1996,75,1,0
2,50,58,1996,65,2,0
3,50,58,1996,47,1,0
1,50,59,1996,72,1,0
2,50,59,1996,70,2,0
3,50,59,1996,52,2,0
3,50,59,1996,44,1,0
3,50,59,1996,38,1,0
3,50,59,1996,36,1,0
3,50,59,1996,34,1,0
1,50,60,1996,59,1,0
2,50,60,1996,57,2,0
3,50,60,1996,35,1,0
3,50,60,1996,33,1,0
3,50,60,1996,29,1,0
3,50,60,1996,27,1,0
3,50,60,1996,24,2,0
3,50,60,1996,19,2,0
3,50,60,1996,16,2,0
3,50,60,1996,16,2,0
1,50,61,1996,36,1,0
2,50,61,1996,37,2,0
3,50,61,1996,15,2,0
3,50,61,1996,13,1,0
3,50,61,1996,10,2,0
3,50,61,1996,8,2,0
3,50,61,1996,6,1,0
3,50,61,1996,4,2,0
3,50,61,1996,0,1,0
1,50,63,1996,36,1,0
2,50,63,1996,32,2,0
3,50,63,1996,13,1,0
3,50,63,1996,8,1,0
3,50,63,1996,5,2,0
3,50,63,1996,4,2,0
3,50,63,1996,2,2,0
3,50,63,1996,0,1,0
1,50,64,1996,66,2,0
3,50,64,1996,48,2,0
1,50,67,1996,30,1,1
2,50,67,1996,28,2,1
3,50,67,1996,5,1,0
3,50,67,1996,1,1,0
1,50,68,1996,50,1,0
2,50,68,1996,52,2,0
3,50,68,1996,27,1,0
3,50,68,1996,25,2,0
3,50,68,1996,22,1,1
3,50,68,1996,19,2,0
3,50,68,1996,15,1,0
1,50,70,1996,36,1,1
2,50,70,1996,40,2,0
3,50,70,1996,18,2,1
3,50,70,1996,16,1,0
3,50,70,1996,13,1,0
3,50,70,1996,11,1,0
3,50,70,1996,9,2,0
3,50,70,1996,3,1,0
1,50,74,1996,41,1,0
2,50,74,1996,39,2,0
3,50,74,1996,5,1,0
3,50,74,1996,4,1,0
3,50,74,1996,1,1,0
1,50,75,1996,47,1,1
2,50,75,1996,45,2,0
3,50,75,1996,23,2,0
3,50,75,1996,22,1,0
3,50,75,1996,21,1,0
3,50,75,1996,12,2,0
1,50,76,1996,60,1,0
2,50,76,1996,42,2,0
3,50,76,1996,38,2,0
3,50,76,1996,36,1,1
3,50,76,1996,34,2,0
3,50,76,1996,32,1,0
3,50,76,1996,30,2,0
3,50,76,1996,28,2,1
3,50,76,1996,24,2,1
3,50,76,1996,21,1,0
3,50,76,1996,18,2,0
3,50,76,1996,17,1,0
3,50,76,1996,15,2,0
1,50,80,1996,41,1,0
2,50,80,1996,42,2,0
3,50,80,1996,23,2,0
3,50,80,1996,21,2,0
3,50,80,1996,19,2,0
3,50,80,1996,17,2,0
3,50,80,1996,15,2,0
3,50,80,1996,13,2,0
3,50,80,1996,10,1,0
3,50,80,1996,8,2,0
1,50,81,1996,60,1,0
2,50,81,1996,51,2,1
3,50,81,1996,33,1,1
1,50,82,1996,67,2,0
3,50,82,1996,48,1,0
3,50,82,1996,45,2,0
3,50,82,1996,39,1,0
3,50,82,1996,36,2,0
1,50,85,1996,45,1,0
2,50,85,1996,41,2,0
3,50,85,1996,19,2,0
3,50,85,1996,17,1,0
3,50,85,1996,15,2,0
3,50,85,1996,11,1,0
3,50,85,1996,6,2,0
3,50,85,1996,4,1,0
1,50,86,1996,60,1,0
2,50,86,1996,62,2,0
3,50,86,1996,41,2,0
3,50,86,1996,38,1,0
3,50,86,1996,34,2,0
3,50,86,1996,28,2,0
3,50,86,1996,25,2,1
1,50,90,1996,41,2,0
3,50,90,1996,23,1,0
3,50,90,1996,21,2,0
3,50,90,1996,19,2,0
3,50,90,1996,17,2,0
3,50,90,1996,16,2,0
3,50,90,1996,14,2,0
3,50,90,1996,12,1,0
3,50,90,1996,10,1,0
3,50,90,1996,8,1,0
3,50,90,1996,6,1,0
1,50,93,1996,66,1,0
2,50,93,1996,61,2,0
3,50,93,1996,40,2,0
3,50,93,1996,33,2,0
3,50,93,1996,29,1,0
3,50,93,1996,27,1,0
3,50,93,1996,22,1,0
1,50,96,1996,62,1,0
2,50,96,1996,56,2,0
3,50,96,1996,37,1,0
3,50,96,1996,30,1,0
3,50,96,1996,26,1,0
3,50,96,1996,18,1,0
1,50,97,1996,41,1,1
2,50,97,1996,41,2,0
3,50,97,1996,16,1,0
3,50,97,1996,11,2,0
3,50,97,1996,5,1,0
1,50,98,1996,43,1,0
2,50,98,1996,33,2,0
3,50,98,1996,11,2,0
3,50,98,1996,8,1,0
3,50,98,1996,7,1,0
3,50,98,1996,4,2,0
3,50,98,1996,3,1,0
1,108,2,2005,58,1,1
2,108,2,2005,55,2,0
3,108,2,2005,32,1,0
3,108,2,2005,31,2,0
3,108,2,2005,30,2,0
3,108,2,2005,29,1,0
3,108,2,2005,28,1,0
3,108,2,2005,27,2,0
3,108,2,2005,26,2,0
3,108,2,2005,25,2,0
3,108,2,2005,24,2,0
3,108,2,2005,23,1,0
3,108,2,2005,22,1,0
1,108,5,2005,53,1,0
2,108,5,2005,48,2,0
3,108,5,2005,29,1,0
3,108,5,2005,27,1,0
3,108,5,2005,26,1,0
3,108,5,2005,17,1,0
3,108,5,2005,14,2,0
1,108,10,2005,73,1,0
2,108,10,2005,68,2,0
3,108,10,2005,49,1,1
3,108,10,2005,48,2,0
3,108,10,2005,47,2,0
3,108,10,2005,42,2,0
3,108,10,2005,38,2,0
3,108,10,2005,31,1,0
3,108,10,2005,30,1,0
3,108,10,2005,12,2,0
3,108,10,2005,8,1,0
3,108,10,2005,3,2,0
1,108,18,2005,47,1,1
2,108,18,2005,44,2,0
3,108,18,2005,26,1,0
3,108,18,2005,24,2,0
3,108,18,2005,18,2,0
3,108,18,2005,12,2,0
3,108,18,2005,10,2,0
3,108,18,2005,3,1,0
1,108,22,2005,69,1,0
2,108,22,2005,62,2,0
3,108,22,2005,40,2,0
3,108,22,2005,39,2,0
3,108,22,2005,34,1,1
3,108,22,2005,29,1,1
3,108,22,2005,24,2,0
3,108,22,2005,24,2,0
1,108,23,2005,57,1,0
2,108,23,2005,50,2,0
3,108,23,2005,26,1,1
3,108,23,2005,19,2,1
1,108,24,2005,42,1,0
2,108,24,2005,37,2,0
3,108,24,2005,18,2,0
3,108,24,2005,11,2,0
1,108,25,2005,72,1,0
2,108,25,2005,64,2,0
3,108,25,2005,50,2,0
3,108,25,2005,47,1,1
3,108,25,2005,45,2,0
3,108,25,2005,42,1,0
3,108,25,2005,40,1,1
3,108,25,2005,31,2,0
1,108,29,2005,38,1,1
2,108,29,2005,35,2,0
3,108,29,2005,11,1,0
3,108,29,2005,8,1,0
3,108,29,2005,5,2,0
1,108,30,2005,25,1,0
2,108,30,2005,22,2,0
3,108,30,2005,3,2,0
1,108,38,2005,42,1,1
2,108,38,2005,40,2,0
3,108,38,2005,20,2,0
3,108,38,2005,17,1,1
3,108,38,2005,15,1,1
3,108,38,2005,14,1,0
3,108,38,2005,11,1,0
3,108,38,2005,8,2,0
1,108,41,2005,64,2,0
3,108,41,2005,48,1,0
3,108,41,2005,46,2,0
3,108,41,2005,44,2,0
3,108,41,2005,40,1,1
3,108,41,2005,39,2,0
3,108,41,2005,38,2,0
3,108,41,2005,37,1,0
3,108,41,2005,35,1,0
3,108,41,2005,28,2,0
1,108,42,2005,37,1,0
2,108,42,2005,34,2,0
3,108,42,2005,18,1,0
3,108,42,2005,12,2,0
3,108,42,2005,6,1,0
3,108,42,2005,4,2,0
3,108,42,2005,0,1,0
1,108,43,2005,40,1,1
2,108,43,2005,30,2,0
3,108,43,2005,7,1,0
3,108,43,2005,3,1,0
1,108,46,2005,59,1,1
2,108,46,2005,52,2,0
3,108,46,2005,27,2,0
3,108,46,2005,22,1,1
3,108,46,2005,21,1,1
3,108,46,2005,19,1,1
1,108,53,2005,52,1,0
2,108,53,2005,50,2,0
3,108,53,2005,30,2,0
3,108,53,2005,27,2,1
3,108,53,2005,25,1,0
3,108,53,2005,21,1,0
3,108,53,2005,14,1,0
1,108,54,2005,49,1,1
2,108,54,2005,34,2,0
3,108,54,2005,17,1,0
3,108,54,2005,12,2,0
3,108,54,2005,3,1,0
1,108,55,2005,50,1,1
2,108,55,2005,50,2,0
3,108,55,2005,27,2,0
3,108,55,2005,25,1,1
3,108,55,2005,20,1,1
3,108,55,2005,16,1,1
3,108,55,2005,13,2,0
1,108,61,2005,32,1,1
2,108,61,2005,28,2,0
3,108,61,2005,10,2,0
3,108,61,2005,9,1,0
3,108,61,2005,3,1,0
3,108,61,2005,2,2,0
1,108,68,2005,29,1,0
2,108,68,2005,27,2,0
3,108,68,2005,7,2,0
3,108,68,2005,0,2,0
1,108,72,2005,42,1,1
2,108,72,2005,42,2,0
3,108,72,2005,19,1,0
3,108,72,2005,17,1,0
1,108,74,2005,46,1,1
2,108,74,2005,44,2,0
3,108,74,2005,23,2,0
3,108,74,2005,22,2,0
3,108,74,2005,19,1,0
3,108,74,2005,12,2,0
3,108,74,2005,6,2,0
1,108,76,2005,74,1,1
2,108,76,2005,68,2,0
3,108,76,2005,53,1,1
3,108,76,2005,48,1,0
3,108,76,2005,45,2,1
3,108,76,2005,44,1,0
3,108,76,2005,42,1,1
3,108,76,2005,42,1,0
3,108,76,2005,40,2,0
3,108,76,2005,39,1,1
3,108,76,2005,36,1,1
3,108,76,2005,26,1,1
1,108,83,2005,52,1,1
2,108,83,2005,38,2,0
3,108,83,2005,34,2,0
3,108,83,2005,29,1,0
3,108,83,2005,28,2,0
3,108,83,2005,20,1,0
3,108,83,2005,15,1,0
3,108,83,2005,11,2,0
3,108,83,2005,7,1,0
1,108,85,2005,30,1,0
2,108,85,2005,29,2,0
3,108,85,2005,10,2,0
3,108,85,2005,5,1,0
1,108,86,2005,52,1,1
2,108,86,2005,43,2,0
3,108,86,2005,34,2,0
3,108,86,2005,33,1,1
3,108,86,2005,30,1,0
3,108,86,2005,28,2,0
3,108,86,2005,27,2,0
3,108,86,2005,19,2,0
3,108,86,2005,16,1,1
3,108,86,2005,16,2,0
3,108,86,2005,14,2,0
3,108,86,2005,12,2,0
3,108,86,2005,11,2,0
3,108,86,2005,8,2,0
3,108,86,2005,5,1,0
1,109,10,2005,45,1,1
2,109,10,2005,36,2,1
3,109,10,2005,15,1,0
3,109,10,2005,12,2,0
3,109,10,2005,10,1,0
3,109,10,2005,8,1,0
1,109,12,2005,60,1,1
2,109,12,2005,60,2,0
3,109,12,2005,39,2,0
3,109,12,2005,38,2,1
3,109,12,2005,33,2,1
3,109,12,2005,30,1,0
3,109,12,2005,29,1,1
3,109,12,2005,23,1,1
3,109,12,2005,21,2,0
1,109,17,2005,51,1,1
3,109,17,2005,21,2,0
3,109,17,2005,19,2,0
3,109,17,2005,17,2,0
3,109,17,2005,10,2,0
1,109,20,2005,51,1,1
3,109,20,2005,17,1,0
3,109,20,2005,15,2,0
3,109,20,2005,13,1,0
1,109,22,2005,65,1,1
2,109,22,2005,50,2,0
3,109,22,2005,17,1,0
1,109,28,2005,59,1,1
2,109,28,2005,58,2,1
3,109,28,2005,37,2,1
3,109,28,2005,35,1,1
3,109,28,2005,32,2,0
3,109,28,2005,28,1,0
1,109,32,2005,68,1,1
2,109,32,2005,62,2,0
3,109,32,2005,40,2,0
3,109,32,2005,38,1,1
3,109,32,2005,33,2,0
3,109,32,2005,29,2,0
3,109,32,2005,25,1,1
3,109,32,2005,21,1,0
1,109,44,2005,76,1,1
3,109,44,2005,41,2,1
3,109,44,2005,39,1,1
3,109,44,2005,37,2,1
3,109,44,2005,31,1,1
3,109,44,2005,27,2,0
3,109,44,2005,25,2,0
3,109,44,2005,23,1,1
3,109,44,2005,21,1,0
1,109,46,2005,63,1,1
2,109,46,2005,58,2,1
3,109,46,2005,39,2,1
3,109,46,2005,38,1,1
3,109,46,2005,37,2,1
3,109,46,2005,36,2,1
3,109,46,2005,35,1,0
3,109,46,2005,33,2,0
1,109,47,2005,51,1,1
2,109,47,2005,50,2,1
3,109,47,2005,30,2,0
3,109,47,2005,25,2,0
3,109,47,2005,22,2,0
1,109,48,2005,46,1,0
2,109,48,2005,36,2,0
3,109,48,2005,15,1,0
3,109,48,2005,11,1,0
3,109,48,2005,9,1,0
3,109,48,2005,7,1,0
1,109,49,2005,43,1,1
2,109,49,2005,38,2,1
3,109,49,2005,14,1,1
3,109,49,2005,7,2,0
3,109,49,2005,1,1,0
1,109,65,2005,75,1,1
2,109,65,2005,53,2,1
3,109,65,2005,54,1,1
3,109,65,2005,52,1,0
3,109,65,2005,51,2,0
3,109,65,2005,49,1,0
3,109,65,2005,48,1,0
3,109,65,2005,47,2,0
3,109,65,2005,45,1,0
3,109,65,2005,44,2,0
3,109,65,2005,27,1,0
3,109,65,2005,25,1,0
3,109,65,2005,23,2,0
1,109,1001,2005,49,1,1
2,109,1001,2005,53,2,1
3,109,1001,2005,26,2,0
3,109,1001,2005,25,2,0
3,109,1001,2005,23,1,0
1,109,1007,2005,44,1,1
2,109,1007,2005,42,2,1
3,109,1007,2005,21,1,0
3,109,1007,2005,17,2,0
3,109,1007,2005,9,1,0
1,120,14,2007,41,1,1
2,120,14,2007,39,2,0
3,120,14,2007,21,2,0
3,120,14,2007,20,1,0
3,120,14,2007,17,2,0
3,120,14,2007,4,2,0
3,120,14,2007,2,1,0
1,120,25,2007,60,1,0
2,120,25,2007,50,2,0
3,120,25,2007,29,1,0
3,120,25,2007,27,1,0
3,120,25,2007,25,1,1
3,120,25,2007,23,2,1
3,120,25,2007,21,1,0
3,120,25,2007,17,1,1
3,120,25,2007,15,2,0
3,120,25,2007,14,2,0
1,120,26,2007,70,1,1
2,120,26,2007,63,2,0
3,120,26,2007,25,2,0
1,120,31,2007,54,1,1
2,120,31,2007,63,2,1
3,120,31,2007,30,1,0
3,120,31,2007,29,2,0
1,120,35,2007,81,1,0
2,120,35,2007,40,2,0
3,120,35,2007,51,1,1
3,120,35,2007,40,2,1
3,120,35,2007,38,2,1
3,120,35,2007,18,2,0
3,120,35,2007,17,1,0
1,120,49,2007,67,1,1
2,120,49,2007,56,2,1
3,120,49,2007,40,2,0
3,120,49,2007,38,2,1
3,120,49,2007,35,1,1
3,120,49,2007,31,2,1
3,120,49,2007,25,1,1
1,120,52,2007,61,1,1
2,120,52,2007,36,2,0
3,120,52,2007,26,1,1
3,120,52,2007,23,2,1
3,120,52,2007,18,2,1
1,120,95,2007,63,1,1
2,120,95,2007,60,2,0
3,120,95,2007,37,2,1
3,120,95,2007,35,2,0
3,120,95,2007,33,2,0
3,120,95,2007,31,2,0
3,120,95,2007,29,1,0
3,120,95,2007,27,1,0
3,120,95,2007,25,1,0
3,120,95,2007,24,1,0
1,120,119,2007,78,1,1
3,120,119,2007,52,2,1
3,120,119,2007,50,2,0
3,120,119,2007,48,1,1
3,120,119,2007,46,1,1
3,120,119,2007,20,1,1
3,120,119,2007,7,1,0
3,120,119,2007,5,1,0
1,120,128,2007,65,1,0
2,120,128,2007,53,2,0
3,120,128,2007,37,2,1
3,120,128,2007,35,2,1
3,120,128,2007,33,1,1
3,120,128,2007,31,2,0
3,120,128,2007,29,1,1
3,120,128,2007,25,1,0
3,120,128,2007,21,2,0
3,120,128,2007,12,2,0
1,120,129,2007,47,1,1
2,120,129,2007,39,2,1
3,120,129,2007,20,2,0
3,120,129,2007,15,2,0
3,120,129,2007,10,1,0
3,120,129,2007,8,1,0
1,120,137,2007,58,1,1
2,120,137,2007,53,2,0
3,120,137,2007,37,1,1
3,120,137,2007,30,1,0
3,120,137,2007,29,1,1
3,120,137,2007,27,1,1
3,120,137,2007,25,1,1
3,120,137,2007,23,1,1
3,120,137,2007,23,1,0
3,120,137,2007,20,1,0
3,120,137,2007,17,2,0
1,122,6,2008,58,1,0
2,122,6,2008,53,2,0
3,122,6,2008,28,1,0
3,122,6,2008,26,1,0
3,122,6,2008,24,1,0
3,122,6,2008,22,1,0
1,122,42,2008,75,1,1
2,122,42,2008,66,2,0
3,122,42,2008,50,2,0
3,122,42,2008,48,2,0
3,122,42,2008,46,2,0
3,122,42,2008,44,1,1
3,122,42,2008,42,2,0
3,122,42,2008,40,1,0
3,122,42,2008,38,1,0
3,122,42,2008,23,2,0
1,122,57,2008,66,1,1
2,122,57,2008,63,2,0
3,122,57,2008,45,1,1
3,122,57,2008,43,1,1
3,122,57,2008,42,1,1
3,122,57,2008,41,1,1
3,122,57,2008,40,1,0
3,122,57,2008,38,2,0
3,122,57,2008,37,1,1
1,122,64,2008,45,1,1
2,122,64,2008,43,2,0
3,122,64,2008,16,2,0
3,122,64,2008,5,1,0
3,122,64,2008,5,1,0
1,122,73,2008,72,1,0
2,122,73,2008,70,2,0
3,122,73,2008,52,1,0
3,122,73,2008,50,2,0
3,122,73,2008,48,2,0
3,122,73,2008,46,2,0
3,122,73,2008,44,2,0
3,122,73,2008,42,2,0
3,122,73,2008,40,2,0
3,122,73,2008,38,1,0
3,122,73,2008,36,2,0
3,122,73,2008,34,2,0
3,122,73,2008,32,1,0
1,122,75,2008,45,1,1
2,122,75,2008,45,2,0
3,122,75,2008,28,2,0
3,122,75,2008,26,2,0
3,122,75,2008,24,1,1
3,122,75,2008,22,1,1
3,122,75,2008,9,1,0
1,122,79,2008,40,1,1
2,122,79,2008,36,2,0
3,122,79,2008,17,1,0
3,122,79,2008,12,1,0
3,122,79,2008,8,1,0
1,122,81,2008,34,1,1
2,122,81,2008,33,2,0
3,122,81,2008,11,1,0
3,122,81,2008,6,2,0
1,122,88,2008,60,1,1
2,122,88,2008,56,2,0
3,122,88,2008,35,1,1
3,122,88,2008,33,1,1
3,122,88,2008,32,2,0
3,122,88,2008,28,1,1
3,122,88,2008,25,2,0
3,122,88,2008,22,1,1
3,122,88,2008,17,1,0
1,122,92,2008,43,1,1
2,122,92,2008,38,2,0
3,122,92,2008,15,1,0
3,122,92,2008,13,1,0
3,122,92,2008,4,2,0
1,122,100,2008,58,1,0
2,122,100,2008,60,2,0
3,122,100,2008,37,2,0
3,122,100,2008,34,1,0
3,122,100,2008,32,1,1
3,122,100,2008,30,1,1
3,122,100,2008,28,1,0
3,122,100,2008,26,1,0
1,122,108,2008,71,1,0
2,122,108,2008,65,2,0
3,122,108,2008,44,2,0
3,122,108,2008,42,2,0
3,122,108,2008,40,1,1
3,122,108,2008,38,2,0
3,122,108,2008,36,2,0
3,122,108,2008,34,2,0
3,122,108,2008,33,1,0
3,122,108,2008,32,1,1
3,122,108,2008,30,1,1
3,122,108,2008,28,1,0
3,122,108,2008,26,1,0
3,122,108,2008,24,1,0
1,122,124,2008,64,1,0
2,122,124,2008,58,2,0
3,122,124,2008,36,2,0
3,122,124,2008,34,2,0
3,122,124,2008,32,2,0
3,122,124,2008,30,2,0
3,122,124,2008,27,1,0
3,122,124,2008,22,1,0
1,122,129,2008,51,1,0
2,122,129,2008,43,2,0
3,122,129,2008,21,1,0
3,122,129,2008,18,1,0
3,122,129,2008,9,2,0
1,122,153,2008,63,1,1
2,122,153,2008,58,2,0
3,122,153,2008,35,1,0
3,122,153,2008,34,2,0
3,122,153,2008,32,1,1
3,122,153,2008,31,1,1
3,122,153,2008,30,1,1
3,122,153,2008,21,2,1
3,122,153,2008,19,2,0
1,122,172,2008,54,1,1
2,122,172,2008,50,2,0
3,122,172,2008,27,1,0
3,122,172,2008,23,2,0
3,122,172,2008,10,1,0
1,122,179,2008,70,2,0
3,122,179,2008,56,1,0
3,122,179,2008,41,2,0
1,122,186,2008,51,1,0
2,122,186,2008,31,2,0
3,122,186,2008,10,2,0
3,122,186,2008,7,1,0
1,146,12,2014,71,1,1
2,146,12,2014,66,2,1
3,146,12,2014,37,2,0
3,146,12,2014,34,1,0
3,146,12,2014,30,1,0
1,146,55,2014,64,1,0
2,146,55,2014,67,2,0
3,146,55,2014,33,2,0
3,146,55,2014,29,2,0
3,146,55,2014,27,2,1
3,146,55,2014,26,2,1
3,146,55,2014,24,1,1
3,146,55,2014,23,1,0
1,146,83,2014,78,1,0
2,146,83,2014,70,2,0
3,146,83,2014,49,2,1
3,146,83,2014,48,1,0
3,146,83,2014,46,1,0
3,146,83,2014,44,2,1
3,146,83,2014,43,1,0
3,146,83,2014,42,2,1
3,146,83,2014,40,1,0
3,146,83,2014,38,2,1
3,146,83,2014,35,1,0
3,146,83,2014,31,2,0
3,146,83,2014,29,2,0
1,169,17,2018,74,1,1
2,169,17,2018,68,2,0
3,169,17,2018,51,2,0
3,169,17,2018,49,2,0
3,169,17,2018,46,1,1
3,169,17,2018,44,1,0
3,169,17,2018,41,1,1
1,169,19,2018,43,1,0
2,169,19,2018,32,2,0
1,169,72,2018,81,1,1
2,169,72,2018,75,2,0
3,169,72,2018,52,1,1
3,169,72,2018,50,2,1
3,169,72,2018,48,2,0
3,169,72,2018,46,2,0
3,169,72,2018,44,2,0
3,169,72,2018,42,2,0
3,169,72,2018,40,2,0
3,169,72,2018,39,2,0
3,169,72,2018,37,1,0
3,169,72,2018,35,1,0
3,169,72,2018,34,1,0
3,169,72,2018,33,2,0
1,169,102,2018,81,1,1
2,169,102,2018,81,2,0
3,169,102,2018,57,2,0
3,169,102,2018,55,2,0
3,169,102,2018,51,2,1
3,169,102,2018,49,2,0
3,169,102,2018,46,2,0
3,169,102,2018,43,2,0
3,169,102,2018,40,1,1
1,169,106,2018,66,1,1
2,169,106,2018,57,2,0
3,169,106,2018,33,2,0
3,169,106,2018,32,2,0
3,169,106,2018,30,2,0
3,169,106,2018,27,2,0
3,169,106,2018,22,1,0
3,169,106,2018,19,2,0
1,170,15,2018,62,1,1
2,170,15,2018,57,2,0
3,170,15,2018,42,1,1
3,170,15,2018,40,1,1
3,170,15,2018,38,1,1
3,170,15,2018,36,1,1
3,170,15,2018,33,1,1
3,170,15,2018,31,1,1
3,170,15,2018,29,1,1
3,170,15,2018,26,1,1
